id,light_quality,price_concern,setup_difficulty,feature_request,durability_issue,support_experience
r01,1,0,0,0,0,0
r02,0,1,0,0,0,0
r03,0,0,1,0,0,0
r04,0,0,0,1,0,0
r05,0,0,0,0,1,0
r06,0,0,0,0,0,1
r07,1,1,0,0,0,0
r08,0,0,1,0,0,0
r09,0,0,0,1,0,0
r10,0,0,0,0,0,0
r11,0,0,0,0,1,0
r12,0,0,0,0,0,1
r13,1,1,0,0,0,0
r14,0,0,0,0,0,0
r15,0,0,0,1,0,0
r16,1,0,0,0,0,0
r17,0,0,0,0,0,0
r18,0,0,0,0,1,1
r19,0,0,1,0,0,0
r20,1,0,0,0,0,0
r21,0,0,0,1,0,0
r22,1,0,0,0,0,0
r23,0,0,0,0,0,1
r24,1,1,0,0,0,0
r25,0,0,0,0,1,0
r26,0,0,0,0,0,0
r27,0,0,0,0,0,0
r28,0,0,0,1,0,0
r29,1,0,0,0,1,0
r30,0,0,0,0,0,0
r31,0,0,0,0,0,0
r32,0,0,0,0,0,1
r33,1,0,0,0,0,0
r34,0,0,0,0,1,0
r35,0,0,0,1,0,0
r36,0,0,0,0,1,0
r37,1,0,0,0,0,0
r38,0,0,0,0,0,0
r39,0,1,0,0,0,0
r40,1,0,0,0,0,0
