id,text,channel
r01,"The light is warm and even, no flicker at all when I read at night.",review
r02,Way too expensive for what it is. A lamp should not cost this much.,review
r03,"Took me an hour to pair the app with the lamp, the instructions are useless.",survey
r04,Would love a timer so it switches off by itself after an hour.,survey
r05,The hinge loosened after three weeks and now the head droops.,review
r06,"Support replied within a day and sent a replacement base, great experience.",review
r07,"Bright, adjustable, and the color temperature settings are exactly what I wanted. Pricey though.",review
r08,Assembly was fine but the app kept crashing during setup.,survey
r09,It would be nice if it had a USB-C port on the base to charge my phone.,survey
r10,Nice lamp. Nothing else to say.,survey
r11,"The arm wobbles every time I touch the desk, feels flimsy.",review
r12,I emailed support twice about the flickering and never heard back.,survey
r13,"For the price I expected metal, not plastic. Light itself is fine.",survey
r14,"Setup took two minutes, plug and play.",survey
r15,Please add a night mode with a deeper red tint.,survey
r16,"The dimmer is smooth and the lowest setting is genuinely dim, which is rare.",survey
r17,"I got it on sale, at full price I would not have bought it.",review
r18,The base cracked when I tightened the clamp. Support sent a new one without fuss.,survey
r19,Pairing failed until I reset the lamp three times.,survey
r20,"Solid build, warm light, fair price.",review
r21,I wish the app let me schedule different brightness for morning and evening.,review
r22,Light is too cold even on the warmest setting.,survey
r23,The customer service chat bot could not understand my question and there was no human option.,survey
r24,Great lamp but costs twice what my old one did.,survey
r25,The touch buttons stopped responding after a month.,survey
r26,Shipping was fast.,review
r27,Instructions were clear and the clamp fit my desk right away.,survey
r28,"Add a physical remote, not everyone wants to use their phone to turn on a lamp.",survey
r29,It flickers when the dimmer is below thirty percent.,review
r30,"Honestly worth every cent, I use it eight hours a day.",survey
r31,"Two of the screws were missing from the box, had to find my own.",survey
r32,The refund process was painless once I reached a person.,review
r33,"A little pricey, but the light quality justifies it for me.",review
r34,The paint is peeling off the arm after two months.,survey
r35,Could you make a version with a battery so I can move it around?,review
r36,"Bought two, one arrived with a dead LED panel. Waiting on support.",review
r37,"Light spreads evenly across the whole desk, no hotspots.",review
r38,"The app needs an account just to change brightness, that is absurd.",survey
r39,"Nothing wrong with it, just not sure it was worth the money.",review
r40,"Perfect for my drafting table, the arm reaches everywhere and the light never glares.",survey
r41,,review
